日期,PM2.5,PM10,CO,NO2,SO2,O3
2020/8/1,41,3,37.0,25,0.6,68.0
2020/8/2,10,81,87.0,77,1.4,46.0
2020/8/3,102,9,91.0,112,0.4,38.0
2020/8/4,50,118,42.0,8,0.7,41.0
2020/8/5,118,105,45.0,118,0.6,68.0
2020/8/6,89,46,11.0,96,0.4,54.0
2020/8/7,94,51,81.0,89,0.6,86.0
2020/8/8,60,105,31.0,1,0.3,14.0
2020/8/9,65,79,47.0,46,0.1,104.0
2020/8/10,24,31,80.0,55,1.4,1.0
2020/8/11,44,39,81.0,89,0.4,44.0
2020/8/12,40,93,67.0,76,1.8,1.0
2020/8/13,18,110,94.0,73,0.6,43.0
2020/8/14,104,31,104.0,6,0.7,80.0
2020/8/15,71,43,59.0,98,1.3,81.0
2020/8/16,119,56,71.0,31,1.2,29.0
2020/8/17,61,67,36.0,59,1.1,62.0
2020/8/18,42,116,6.0,97,0.9,59.0
2020/8/19,62,11,83.0,28,1.6,12.0
2020/8/20,115,89,58.0,39,0.2,30.0
2020/8/21,28,93,21.0,85,2.0,102.0
2020/8/22,58,14,58.0,53,0.9,34.0
2020/8/23,38,31,52.0,89,1.8,104.0
2020/8/24,7,16,78.0,33,1.7,112.0
2020/8/25,0,61,63.0,7,1.8,70.0
2020/8/26,66,77,21.0,16,0.5,6.0
2020/8/27,113,82,108.0,0,,
2020/9/1,19,38,0.6,12,26.0,162.0
2020/9/2,16,42,0.4,8,27.0,120.0
2020/9/3,13,41,0.4,9,35.0,113.0
2020/9/4,24,59,0.6,12,45.0,186.0
2020/9/5,25,70,0.5,14,31.0,186.0
2020/9/6,29,73,0.6,11,38.0,197.0
2020/9/7,58,108,0.9,12,39.0,230.0
2020/9/8,15,41,0.5,8,27.0,155.0
2020/9/9,29,59,0.7,11,43.0,172.0
2020/9/10,30,52,0.6,8,23.0,174.0
2020/9/11,7,21,0.5,7,18.0,96.0
2020/9/12,19,34,0.6,10,22.0,119.0
2020/9/13,42,64,0.8,7,28.0,151.0
2020/9/14,49,75,0.8,11,39.0,160.0
2020/9/15,39,61,0.8,10,23.0,135.0
2020/9/16,26,50,0.6,8,32.0,117.0
2020/9/17,12,41,0.5,12,37.0,92.0
2020/9/18,27,72,0.6,16,53.0,172.0
2020/9/19,41,98,0.8,18,57.0,177.0
2020/9/20,32,84,0.6,16,51.0,162.0
2020/9/21,57,121,0.8,19,57.0,169.0
2020/9/22,61,131,0.8,13,43.0,187.0
2020/9/23,60,106,0.7,10,34.0,106.0
2020/9/24,46,66,0.7,5,28.0,135.0
2020/9/25,53,81,0.7,7,31.0,145.0
2020/9/26,45,76,0.8,9,38.0,171.0
2020/9/27,34,75,0.7,13,48.0,137.0
2020/9/28,33,76,0.6,12,47.0,133.0
2020/9/29,37,79,0.6,9,40.0,88.0
2020/9/30,21,42,0.6,9,28.0,107.0
2020/10/1,101,86,30.0,73,0.3,9.0
2020/10/2,41,5,58.0,10,1.5,53.0
2020/10/3,110,77,40.0,15,0.1,6.0
2020/10/4,84,98,110.0,58,1.4,14.0
2020/10/5,119,94,80.0,96,1.1,86.0
2020/10/6,53,76,85.0,76,0.2,16.0
2020/10/7,98,114,32.0,114,1.3,83.0
2020/10/8,38,115,61.0,99,1.5,90.0
2020/10/9,100,88,31.0,26,0.2,49.0
2020/10/10,31,31,72.0,46,1.4,73.0
2020/10/11,83,113,7.0,28,0.9,43.0
2020/10/12,71,73,67.0,71,1.7,58.0
2020/10/13,85,5,14.0,44,0.7,17.0
2020/10/14,8,26,27.0,75,1.7,19.0
2020/10/15,78,113,59.0,11,1.5,49.0
2020/10/16,48,28,83.0,6,1.7,68.0
2020/10/17,106,30,110.0,80,0.4,104.0
2020/10/18,32,71,3.0,42,0.6,86.0
2020/10/19,9,93,115.0,47,1.2,58.0
2020/10/20,19,112,109.0,38,0.9,42.0
2020/10/21,90,88,68.0,109,1.5,75.0
2020/10/22,54,18,80.0,5,1.2,78.0
2020/10/23,102,59,57.0,94,0.9,97.0
2020/10/24,52,100,112.0,65,1.9,5.0
2020/10/25,58,103,77.0,6,0.3,81.0
2020/10/26,31,73,45.0,17,0.6,70.0
2020/10/27,83,99,9.0,33,1.1,93.0
2020/10/28,31,28,107.0,95,1.8,3.0
2020/10/29,109,74,92.0,65,0.9,78.0
2020/10/30,70,107,29.0,54,0.2,112.0
2020/10/31,62,66,51.0,83,1.8,101.0
2020/11/1,62,72,43.0,62,1.6,106.0
2020/11/2,94,60,56.0,30,0.7,76.0
2020/11/3,95,54,52.0,71,1.6,81.0
2020/11/4,16,105,33.0,73,0.3,13.0
2020/11/5,65,116,11.0,25,1.3,33.0
2020/11/6,90,43,45.0,38,0.9,15.0
2020/11/7,32,43,93.0,64,1.0,99.0
2020/11/8,3,91,91.0,50,1.7,113.0
2020/11/9,47,115,51.0,64,1.5,7.0
2020/11/10,13,83,23.0,88,1.4,99.0
2020/11/11,15,106,11.0,5,0.4,54.0
2020/11/12,58,104,23.0,118,2.0,2.0
2020/11/13,51,23,57.0,15,0.1,66.0
2020/11/14,101,33,11.0,81,1.9,75.0
2020/11/15,63,38,109.0,69,1.4,19.0
2020/11/16,79,105,63.0,100,1.0,27.0
2020/11/17,39,43,117.0,100,0.3,41.0
2020/11/18,82,97,105.0,72,0.7,97.0
2020/11/19,48,40,70.0,77,1.7,38.0
2020/11/20,65,27,0.0,44,1.0,27.0
2020/11/21,65,18,77.0,69,0.2,41.0
2020/11/22,50,25,29.0,87,0.5,27.0
2020/11/23,18,26,27.0,14,1.9,53.0
2020/11/24,83,96,11.0,71,0.4,118.0
2020/11/25,19,27,14.0,61,1.5,29.0
2020/11/26,1,115,16.0,9,1.6,65.0
2020/11/27,95,31,114.0,95,0.5,54.0
2020/11/28,115,79,2.0,4,0.7,66.0
2020/11/29,61,12,43.0,17,1.4,7.0
2020/11/30,58,75,61.0,112,0.2,4.0
2020/12/1,107,76,1.0,77,0.9,44.0
2020/12/2,74,95,16.0,61,0.4,96.0
2020/12/3,27,78,26.0,45,1.1,3.0
2020/12/4,59,29,78.0,40,1.5,76.0
2020/12/5,4,106,72.0,49,0.1,104.0
2020/12/6,41,100,17.0,19,1.2,11.0
2020/12/7,63,34,118.0,114,0.6,42.0
2020/12/8,35,44,36.0,1,0.7,37.0
2020/12/9,96,18,96.0,37,1.9,115.0
2020/12/10,70,15,84.0,92,0.3,22.0
2020/12/11,119,69,12.0,6,0.7,76.0
2020/12/12,67,79,29.0,112,1.3,103.0
2020/12/13,117,25,73.0,58,1.6,24.0
2020/12/14,63,38,79.0,23,0.8,42.0
2020/12/15,110,61,77.0,39,1.9,77.0
2020/12/16,54,36,59.0,75,1.1,17.0
2020/12/17,104,117,119.0,23,0.6,89.0
2020/12/18,45,113,35.0,9,0.4,109.0
2020/12/19,72,45,104.0,83,1.4,94.0
2020/12/20,88,86,45.0,47,0.5,83.0
2020/12/21,37,54,81.0,93,1.0,26.0
2020/12/22,17,19,92.0,92,1.1,49.0
2020/12/23,114,20,40.0,45,1.3,45.0
2020/12/24,79,86,36.0,75,0.0,42.0
2020/12/25,79,58,71.0,86,1.2,68.0
2020/12/26,114,109,8.0,19,0.3,104.0
2020/12/27,41,83,6.0,110,0.3,30.0
2020/12/28,111,82,98.0,63,2.0,23.0
2020/12/29,1,65,98.0,90,0.9,43.0
2020/12/30,57,117,92.0,111,1.7,84.0
2020/12/31,86,114,109.0,1,1.3,62.0
2021/1/1,38,66,41.0,50,0.5,98.0
2021/1/2,6,68,10.0,115,1.5,76.0
2021/1/3,69,11,34.0,53,0.6,80.0
2021/1/4,70,88,98.0,27,1.0,20.0
2021/1/5,93,18,70.0,108,1.4,6.0
2021/1/6,41,119,105.0,78,0.8,6.0
2021/1/7,50,64,48.0,32,2.0,24.0
2021/1/8,63,19,72.0,55,1.6,54.0
2021/1/9,42,73,37.0,116,1.9,52.0
2021/1/10,3,26,100.0,86,1.9,31.0
2021/1/11,8,106,52.0,50,0.4,29.0
2021/1/12,56,93,117.0,61,1.3,36.0
2021/1/13,50,26,84.0,97,1.2,98.0
2021/1/14,32,36,74.0,107,0.6,76.0
2021/1/15,119,99,105.0,83,1.1,95.0
2021/1/16,101,99,34.0,90,1.7,11.0
2021/1/17,10,104,80.0,87,0.8,21.0
2021/1/18,100,100,47.0,79,1.6,78.0
2021/1/19,104,50,60.0,39,1.3,41.0
2021/1/20,7,1,52.0,18,0.4,18.0
2021/1/21,61,69,107.0,47,1.0,1.0
2021/1/22,81,34,38.0,16,0.3,79.0
2021/1/23,50,10,17.0,45,0.1,57.0
2021/1/24,10,86,20.0,33,0.4,1.0
2021/1/25,48,27,52.0,31,0.8,78.0
2021/1/26,27,20,45.0,67,1.1,101.0
2021/1/27,62,2,83.0,77,1.9,113.0
2021/1/28,6,110,70.0,54,1.7,43.0
2021/1/29,99,83,61.0,15,1.0,45.0
2021/1/30,10,22,37.0,119,1.2,58.0
2021/1/31,4,99,113.0,50,0.9,40.0
2021/2/1,2,31,5.0,7,1.7,30.0
2021/2/2,90,59,18.0,22,1.8,81.0
2021/2/3,82,13,14.0,63,1.4,85.0
2021/2/4,47,26,21.0,41,1.5,104.0
2021/2/5,59,22,44.0,105,1.6,110.0
2021/2/6,37,94,63.0,83,0.1,85.0
2021/2/7,21,48,19.0,97,1.9,80.0
2021/2/8,109,111,59.0,64,0.1,19.0
2021/2/9,80,18,77.0,50,0.5,49.0
2021/2/10,113,95,108.0,37,1.8,0.0
2021/2/11,10,47,24.0,6,1.6,41.0
2021/2/12,57,66,67.0,11,1.3,104.0
2021/2/13,11,64,20.0,40,0.8,75.0
2021/2/14,116,75,102.0,71,1.0,20.0
2021/2/15,35,78,91.0,74,1.9,38.0
2021/2/16,55,15,79.0,32,2.0,84.0
2021/2/17,105,90,106.0,86,1.6,59.0
2021/2/18,118,18,97.0,76,0.1,91.0
2021/2/19,34,59,77.0,66,1.3,53.0
2021/2/20,78,59,9.0,28,1.5,120.0
2021/2/21,21,101,89.0,26,0.8,46.0
2021/2/22,109,66,58.0,90,0.9,61.0
2021/2/23,67,60,9.0,36,0.0,33.0
2021/2/24,117,103,25.0,117,1.5,52.0
2021/2/25,80,22,34.0,17,1.4,70.0
2021/2/26,110,90,30.0,27,0.4,97.0
2021/2/27,12,5,68.0,25,0.1,55.0
2021/2/28,1,64,79.0,61,0.4,93.0
2021/3/1,114,49,118.0,86,1.7,116.0
2021/3/2,87,32,78.0,117,0.5,94.0
2021/3/3,15,37,28.0,10,0.5,17.0
2021/3/4,81,82,96.0,56,0.3,117.0
2021/3/5,80,25,51.0,107,0.8,46.0
2021/3/6,26,46,68.0,24,1.7,86.0
2021/3/7,69,1,115.0,31,0.9,116.0
2021/3/8,30,78,54.0,72,0.5,79.0
2021/3/9,1,87,89.0,101,1.8,76.0
2021/3/10,91,35,5.0,117,0.6,86.0
2021/3/11,96,94,1.0,32,0.3,22.0
2021/3/12,60,35,22.0,116,1.0,103.0
2021/3/13,98,91,74.0,62,1.4,116.0
2021/3/14,31,66,83.0,92,1.6,84.0
2021/3/15,57,87,29.0,118,1.2,4.0
2021/3/16,74,120,104.0,105,0.1,9.0
2021/3/17,44,41,30.0,109,0.6,7.0
2021/3/18,40,84,66.0,39,0.1,82.0
2021/3/19,114,41,98.0,13,0.9,32.0
2021/3/20,104,13,67.0,103,0.8,65.0
2021/3/21,24,90,111.0,82,1.8,14.0
2021/3/22,119,35,17.0,22,0.6,30.0
2021/3/23,34,21,86.0,99,0.9,46.0
2021/3/24,55,87,100.0,67,1.2,111.0
2021/3/25,43,108,73.0,100,0.0,1.0
2021/3/26,2,106,93.0,14,0.2,16.0
2021/3/27,63,101,35.0,6,0.3,19.0
2021/3/28,78,34,108.0,104,0.7,95.0
2021/3/29,37,52,87.0,14,0.4,112.0
2021/3/30,39,44,27.0,60,1.5,84.0
2021/3/31,0,106,88.0,3,0.7,28.0
2021/4/1,114,89,1.0,87,1.3,52.0
2021/4/2,30,96,95.0,112,1.6,6.0
2021/4/3,104,42,14.0,37,1.8,36.0
2021/4/4,50,14,117.0,97,0.3,118.0
2021/4/5,11,52,59.0,57,0.4,49.0
2021/4/6,48,24,4.0,92,0.8,12.0
2021/4/7,59,58,79.0,28,2.0,92.0
2021/4/8,70,80,30.0,104,1.2,84.0
2021/4/9,78,114,30.0,36,1.5,27.0
2021/4/10,28,111,41.0,81,1.2,1.0
2021/4/11,101,70,13.0,34,2.0,67.0
2021/4/12,105,102,116.0,76,1.4,10.0
2021/4/13,73,66,24.0,4,0.1,78.0
2021/4/14,58,43,64.0,28,0.7,28.0
2021/4/15,5,117,43.0,8,1.4,50.0
2021/4/16,120,58,59.0,80,0.7,41.0
2021/4/17,10,64,12.0,56,1.5,50.0
2021/4/18,103,39,15.0,34,0.6,88.0
2021/4/19,87,58,69.0,30,1.2,24.0
2021/4/20,35,10,110.0,94,0.5,70.0
2021/4/21,28,68,7.0,104,0.0,86.0
2021/4/22,35,118,25.0,110,0.7,88.0
2021/4/23,28,61,103.0,117,0.2,86.0
2021/4/24,56,72,5.0,2,0.6,19.0
2021/4/25,117,115,80.0,112,1.6,116.0
2021/4/26,73,101,70.0,7,1.2,15.0
2021/4/27,66,53,92.0,48,1.3,46.0
2021/4/28,64,57,21.0,99,1.2,114.0
2021/4/29,57,13,31.0,77,1.0,91.0
2021/4/30,5,98,57.0,45,0.3,17.0
2021/5/1,74,102,24.0,99,0.6,19.0
2021/5/2,88,76,50.0,72,1.2,109.0
2021/5/3,57,107,19.0,7,1.5,74.0
2021/5/4,120,38,19.0,67,1.5,83.0
2021/5/5,103,18,22.0,11,1.7,2.0
2021/5/6,97,5,116.0,92,0.7,68.0
2021/5/7,88,91,20.0,52,0.3,115.0
2021/5/8,53,35,80.0,59,1.6,104.0
2021/5/9,7,15,72.0,11,1.5,90.0
2021/5/10,40,77,49.0,114,1.8,74.0
2021/5/11,95,14,22.0,106,1.0,105.0
2021/5/12,75,31,86.0,67,1.7,104.0
2021/5/13,46,38,2.0,23,0.0,55.0
2021/5/14,70,8,59.0,15,1.9,6.0
2021/5/15,82,112,91.0,112,1.2,100.0
2021/5/16,26,95,78.0,56,0.8,37.0
2021/5/17,22,28,102.0,70,1.6,18.0
2021/5/18,62,104,32.0,84,1.7,78.0
2021/5/19,88,107,38.0,74,0.8,104.0
2021/5/20,72,32,31.0,8,1.7,100.0
2021/5/21,22,107,106.0,69,1.3,50.0
2021/5/22,118,95,96.0,104,1.0,50.0
2021/5/23,106,31,91.0,29,1.0,79.0
2021/5/24,1,84,73.0,104,1.4,99.0
2021/5/25,26,58,89.0,8,0.3,101.0
2021/5/26,35,49,21.0,50,1.3,68.0
2021/5/27,40,106,27.0,76,0.1,118.0
2021/5/28,77,6,98.0,38,1.7,84.0
2021/5/29,117,22,33.0,45,0.8,116.0
2021/5/30,28,75,95.0,34,0.5,64.0
2021/5/31,4,106,38.0,13,1.5,81.0
2021/6/1,74,60,30.0,54,1.7,49.0
2021/6/2,95,31,38.0,80,0.6,33.0
2021/6/3,1,0,67.0,15,0.8,53.0
2021/6/4,45,90,34.0,97,1.4,34.0
2021/6/5,77,60,69.0,107,0.9,8.0
2021/6/6,15,87,10.0,74,0.8,71.0
2021/6/7,62,105,90.0,47,1.7,12.0
2021/6/8,37,93,33.0,112,0.1,19.0
2021/6/9,86,16,46.0,10,0.1,111.0
2021/6/10,7,68,98.0,55,0.7,9.0
2021/6/11,102,67,47.0,111,0.1,112.0
2021/6/12,6,23,6.0,64,0.5,79.0
2021/6/13,89,36,107.0,77,1.6,79.0
2021/6/14,115,15,104.0,89,1.2,114.0
2021/6/15,30,20,108.0,76,1.5,45.0
2021/6/16,88,28,92.0,97,1.0,19.0
2021/6/17,58,107,42.0,96,1.8,7.0
2021/6/18,72,64,37.0,45,1.4,4.0
2021/6/19,83,93,58.0,15,1.0,34.0
2021/6/20,12,31,88.0,58,1.8,23.0
2021/6/21,115,46,98.0,6,0.9,101.0
2021/6/22,41,78,55.0,63,0.9,103.0
2021/6/23,31,22,63.0,62,2.0,117.0
2021/6/24,69,61,69.0,29,1.9,44.0
2021/6/25,28,7,2.0,87,1.3,13.0
2021/6/26,58,71,4.0,91,1.6,119.0
2021/6/27,94,88,99.0,117,1.7,103.0
2021/6/28,65,80,102.0,102,1.6,101.0
2021/6/29,67,33,104.0,83,0.2,65.0
2021/6/30,14,18,67.0,23,0.2,72.0
2021/7/1,95,34,81.0,103,1.0,76.0
2021/7/2,3,71,34.0,73,0.4,53.0
2021/7/3,25,5,40.0,103,0.5,67.0
2021/7/4,72,102,109.0,66,0.8,49.0
2021/7/5,66,1,41.0,50,1.5,61.0
2021/7/6,44,98,61.0,107,1.1,69.0
2021/7/7,34,85,67.0,37,1.6,3.0
2021/7/8,15,54,40.0,23,1.3,55.0
2021/7/9,38,114,47.0,108,1.6,40.0
2021/7/10,4,4,61.0,119,0.9,1.0
2021/7/11,3,55,32.0,81,1.6,48.0
2021/7/12,85,89,15.0,78,1.2,79.0
2021/7/13,93,117,33.0,24,0.9,87.0
2021/7/14,15,36,22.0,111,0.2,14.0
2021/7/15,36,85,73.0,77,1.7,38.0
2021/7/16,33,44,86.0,24,1.0,98.0
2021/7/17,112,39,52.0,44,1.2,98.0
2021/7/18,0,61,63.0,101,1.8,35.0
2021/7/19,99,10,63.0,60,0.6,27.0
2021/7/20,87,25,6.0,97,0.1,11.0
2021/7/21,118,50,66.0,4,1.6,50.0
2021/7/22,67,108,5.0,23,1.8,94.0
2021/7/23,57,47,34.0,40,0.7,63.0
2021/7/24,50,68,42.0,50,0.6,86.0
2021/7/25,35,92,48.0,47,2.0,13.0
2021/7/26,83,34,90.0,56,1.6,7.0
2021/7/27,77,10,87.0,13,0.2,14.0
2021/7/28,40,114,116.0,50,0.1,82.0
2021/7/29,102,81,4.0,57,1.2,68.0
2021/7/30,111,36,13.0,55,0.1,2.0
2021/7/31,110,22,101.0,114,0.6,120.0
2021/8/1,66,110,0.0,18,0.2,45.0
2021/8/2,103,65,117.0,8,1.9,111.0
2021/8/3,97,45,104.0,65,0.2,19.0
2021/8/4,81,107,82.0,5,1.2,45.0
2021/8/5,3,89,3.0,111,0.6,14.0
2021/8/6,79,86,91.0,60,0.0,52.0
2021/8/7,96,120,71.0,26,0.7,85.0
2021/8/8,33,114,52.0,99,1.0,51.0
2021/8/9,32,13,41.0,85,0.6,93.0
2021/8/10,38,93,58.0,56,1.1,93.0
2021/8/11,59,83,103.0,58,1.3,77.0
2021/8/12,12,93,97.0,44,1.8,22.0
2021/8/13,111,81,40.0,74,1.9,87.0
2021/8/14,7,62,6.0,42,1.3,73.0
2021/8/15,76,61,116.0,20,0.7,46.0
2021/8/16,39,100,45.0,82,0.9,9.0
2021/8/17,81,26,20.0,22,0.7,102.0
2021/8/18,24,34,102.0,118,0.5,99.0
2021/8/19,37,7,8.0,23,0.7,54.0
2021/8/20,58,104,1.0,97,0.4,59.0
2021/8/21,35,55,77.0,89,1.6,101.0
2021/8/22,3,39,30.0,42,1.1,3.0
2021/8/23,75,18,95.0,92,0.3,71.0
2021/8/24,102,92,23.0,109,1.9,81.0
2021/8/25,54,119,35.0,100,1.8,69.0
2021/8/26,82,21,91.0,50,1.5,89.0
2021/8/27,66,14,119.0,34,0.8,94.0
2021/8/28,94,104,92.0,39,0.3,1.0
2021/8/29,47,9,94.0,62,1.0,93.0
2021/8/30,50,5,13.0,80,0.4,30.0
2021/8/31,92,28,58.0,111,1.1,114.0
2021/9/1,38,16,25.0,115,1.2,44.0
2021/9/2,63,91,37.0,2,1.4,34.0
2021/9/3,62,84,48.0,56,1.7,102.0
2021/9/4,91,7,103.0,69,0.0,96.0
2021/9/5,7,4,73.0,99,0.2,63.0
2021/9/6,58,3,85.0,34,0.8,6.0
2021/9/7,10,18,45.0,17,0.3,2.0
2021/9/8,12,58,96.0,11,0.8,36.0
2021/9/9,29,62,55.0,107,1.5,68.0
2021/9/10,77,88,30.0,105,0.3,26.0
2021/9/11,13,2,11.0,104,0.6,107.0
2021/9/12,73,89,91.0,11,0.8,47.0
2021/9/13,64,69,29.0,41,1.7,100.0
2021/9/14,49,38,44.0,30,1.4,7.0
2021/9/15,116,74,53.0,16,0.1,35.0
2021/9/16,95,9,87.0,57,0.4,75.0
2021/9/17,11,46,46.0,59,1.4,112.0
2021/9/18,35,108,91.0,108,0.1,60.0
2021/9/19,56,49,30.0,65,1.1,113.0
2021/9/20,61,78,1.0,107,0.7,30.0
2021/9/21,54,98,32.0,30,1.2,22.0
2021/9/22,115,112,40.0,12,0.9,94.0
2021/9/23,93,35,101.0,69,1.4,94.0
2021/9/24,101,7,95.0,117,0.1,43.0
2021/9/25,30,83,57.0,87,0.2,50.0
2021/9/26,78,67,43.0,82,0.7,95.0
2021/9/27,22,46,20.0,95,1.3,27.0
2021/9/28,16,94,96.0,82,1.6,34.0
2021/9/29,100,56,3.0,82,1.6,72.0
2021/9/30,60,16,113.0,83,1.8,1.0
2021/10/1,110,107,64.0,100,0.7,9.0
2021/10/2,9,115,102.0,57,1.5,100.0
2021/10/3,25,72,21.0,79,0.8,2.0
2021/10/4,42,111,67.0,70,0.4,70.0
2021/10/5,73,94,96.0,79,0.5,43.0
2021/10/6,45,24,58.0,46,1.7,50.0
2021/10/7,18,15,7.0,113,1.1,79.0
2021/10/8,42,12,77.0,13,1.3,5.0
2021/10/9,45,68,17.0,100,1.5,19.0
2021/10/10,25,15,36.0,10,0.7,56.0
2021/10/11,94,115,107.0,51,1.7,101.0
2021/10/12,83,51,60.0,63,1.6,17.0
2021/10/13,74,10,30.0,53,0.6,57.0
2021/10/14,111,15,77.0,111,1.5,117.0
2021/10/15,114,64,118.0,98,0.4,111.0
2021/10/16,20,94,106.0,29,0.4,32.0
2021/10/17,104,56,88.0,67,0.3,104.0
2021/10/18,36,59,94.0,25,1.5,1.0
2021/10/19,30,39,67.0,77,0.0,39.0
2021/10/20,37,113,41.0,105,0.5,56.0
2021/10/21,51,28,32.0,29,0.4,102.0
2021/10/22,4,117,12.0,105,0.0,30.0
2021/10/23,8,83,33.0,86,1.9,117.0
2021/10/24,72,82,93.0,47,1.6,49.0
2021/10/25,91,85,60.0,119,1.1,48.0
2021/10/26,37,59,51.0,82,0.4,31.0
2021/10/27,92,85,24.0,36,0.2,50.0
2021/10/28,17,110,88.0,102,0.3,2.0
2021/10/29,97,84,25.0,88,0.9,72.0
2021/10/30,120,60,9.0,42,1.7,95.0
2021/10/31,41,35,30.0,21,0.9,114.0
2021/11/1,75,33,92.0,56,1.2,92.0
2021/11/2,115,65,92.0,82,0.1,20.0
2021/11/3,85,87,50.0,5,1.4,42.0
2021/11/4,120,40,83.0,65,1.2,91.0
2021/11/5,51,58,37.0,117,0.5,101.0
2021/11/6,51,38,68.0,42,0.4,14.0
2021/11/7,112,65,67.0,59,1.3,17.0
2021/11/8,3,49,113.0,71,1.0,86.0
2021/11/9,110,72,27.0,43,0.1,71.0
2021/11/10,39,114,67.0,45,0.6,30.0
2021/11/11,99,95,95.0,61,0.6,74.0
2021/11/12,52,29,104.0,28,0.2,55.0
2021/11/13,17,105,38.0,113,0.6,71.0
2021/11/14,59,60,27.0,117,0.5,20.0
2021/11/15,66,18,6.0,34,0.9,60.0
2021/11/16,24,26,83.0,47,0.4,83.0
2021/11/17,29,2,80.0,58,1.6,119.0
2021/11/18,29,116,100.0,42,0.5,44.0
2021/11/19,81,85,1.0,1,1.6,10.0
2021/11/20,46,11,17.0,49,1.0,37.0
2021/11/21,5,103,68.0,26,0.6,13.0
2021/11/22,5,39,30.0,58,0.3,47.0
2021/11/23,53,10,79.0,6,0.6,88.0
2021/11/24,57,2,40.0,84,0.7,55.0
2021/11/25,119,2,6.0,70,1.4,21.0
2021/11/26,22,27,98.0,69,1.4,75.0
2021/11/27,87,42,101.0,107,0.8,35.0
2021/11/28,89,119,117.0,93,1.2,58.0
2021/11/29,32,106,46.0,76,0.9,98.0
2021/11/30,94,65,49.0,85,1.9,87.0
2021/12/1,95,112,60.0,49,1.5,17.0
2021/12/2,18,89,111.0,41,1.0,82.0
2021/12/3,38,76,17.0,43,0.9,60.0
2021/12/4,76,56,112.0,75,1.1,20.0
2021/12/5,40,113,110.0,7,0.6,16.0
2021/12/6,48,89,59.0,38,1.4,109.0
2021/12/7,116,111,79.0,118,1.3,1.0
2021/12/8,35,27,61.0,21,1.2,64.0
2021/12/9,48,72,105.0,49,1.7,115.0
2021/12/10,110,98,66.0,20,0.8,52.0
2021/12/11,10,5,82.0,26,0.3,91.0
2021/12/12,94,88,27.0,33,1.3,89.0
2021/12/13,42,118,98.0,44,1.2,99.0
2021/12/14,13,69,117.0,29,1.0,49.0
2021/12/15,41,20,117.0,72,0.1,30.0
2021/12/16,20,23,5.0,23,1.8,67.0
2021/12/17,27,106,36.0,94,2.0,120.0
2021/12/18,75,114,66.0,87,1.8,41.0
2021/12/19,47,102,75.0,47,0.5,118.0
2021/12/20,92,81,99.0,73,0.1,45.0
2021/12/21,30,12,111.0,41,0.4,110.0
2021/12/22,103,65,67.0,24,0.6,35.0
2021/12/23,93,72,50.0,89,0.6,73.0
2021/12/24,94,40,108.0,81,2.0,17.0
2021/12/25,100,107,65.0,23,0.5,48.0
2021/12/26,58,35,81.0,113,1.7,45.0
2021/12/27,56,102,59.0,84,0.0,102.0
2021/12/28,27,114,117.0,47,1.4,89.0
2021/12/29,26,106,45.0,85,0.3,31.0
2021/12/30,63,8,36.0,58,0.6,105.0
2021/12/31,15,46,8.0,92,0.7,19.0
2022/1/1,85,38,6.0,53,0.0,45.0
2022/1/2,42,84,94.0,25,0.9,56.0
2022/1/3,9,24,51.0,12,1.0,117.0
2022/1/4,61,70,54.0,22,0.3,73.0
2022/1/5,34,29,63.0,71,0.7,25.0
2022/1/6,28,92,72.0,78,0.9,92.0
2022/1/7,41,60,64.0,114,0.4,114.0
2022/1/8,25,82,35.0,107,0.4,28.0
2022/1/9,22,90,95.0,50,0.7,95.0
2022/1/10,19,39,91.0,39,0.1,55.0
2022/1/11,55,70,22.0,105,0.1,111.0
2022/1/12,60,111,67.0,72,1.1,112.0
2022/1/13,85,29,71.0,54,1.0,111.0
2022/1/14,41,18,62.0,88,0.6,22.0
2022/1/15,42,114,120.0,87,1.0,45.0
2022/1/16,59,71,68.0,17,1.0,115.0
2022/1/17,87,78,95.0,107,1.9,71.0
2022/1/18,54,59,66.0,88,1.7,67.0
2022/1/19,75,98,103.0,54,1.6,105.0
2022/1/20,82,0,62.0,86,2.0,90.0
2022/1/21,63,43,52.0,13,1.7,89.0
2022/1/22,100,68,80.0,101,0.4,94.0
2022/1/23,66,107,44.0,31,0.9,76.0
2022/1/24,8,36,101.0,76,1.1,48.0
2022/1/25,39,102,78.0,108,0.5,68.0
2022/1/26,7,96,81.0,102,0.1,68.0
2022/1/27,72,85,33.0,119,0.2,1.0
2022/1/28,61,109,25.0,115,0.9,73.0
2022/1/29,48,119,115.0,28,1.8,57.0
2022/1/30,37,21,89.0,107,1.4,47.0
2022/1/31,103,42,25.0,49,1.1,47.0
2022/2/1,94,2,103.0,115,1.4,78.0
2022/2/2,24,106,70.0,29,0.4,11.0
2022/2/3,21,70,62.0,41,0.5,99.0
2022/2/4,0,33,27.0,2,0.4,8.0
2022/2/5,75,84,23.0,3,1.4,75.0
2022/2/6,98,77,70.0,65,0.9,85.0
2022/2/7,52,89,118.0,90,0.1,65.0
2022/2/8,77,94,65.0,20,1.4,23.0
2022/2/9,83,36,50.0,25,0.4,5.0
2022/2/10,102,111,3.0,70,1.4,94.0
2022/2/11,20,76,63.0,55,0.6,5.0
2022/2/12,74,31,13.0,21,1.2,101.0
2022/2/13,24,9,79.0,77,1.6,102.0
2022/2/14,50,24,23.0,111,0.4,9.0
2022/2/15,60,94,66.0,56,0.0,91.0
2022/2/16,41,22,6.0,39,1.9,17.0
2022/2/17,96,40,0.0,58,0.1,60.0
2022/2/18,112,107,110.0,45,1.1,26.0
2022/2/19,79,20,55.0,93,0.8,7.0
2022/2/20,56,92,59.0,88,1.4,76.0
2022/2/21,51,41,33.0,69,0.6,37.0
2022/2/22,92,75,5.0,85,0.1,21.0
2022/2/23,79,1,82.0,76,1.4,75.0
2022/2/24,107,107,94.0,34,0.1,93.0
2022/2/25,36,119,3.0,20,0.9,64.0
2022/2/26,89,25,56.0,101,0.7,101.0
2022/2/27,86,92,10.0,59,0.1,86.0
2022/2/28,93,39,17.0,110,1.2,44.0
2022/3/1,116,96,73.0,18,0.1,95.0
2022/3/2,36,97,47.0,14,1.3,43.0
2022/3/3,29,58,101.0,1,0.5,39.0
2022/3/4,107,81,20.0,112,0.1,4.0
2022/3/5,34,105,84.0,20,1.0,30.0
2022/3/6,45,35,77.0,99,0.5,87.0
2022/3/7,47,110,44.0,110,1.7,52.0
2022/3/8,38,79,106.0,93,0.5,45.0
2022/3/9,111,62,19.0,107,1.8,45.0
2022/3/10,102,65,21.0,79,0.6,114.0
2022/3/11,102,65,114.0,17,1.8,96.0
2022/3/12,1,47,111.0,75,0.7,78.0
2022/3/13,100,30,37.0,71,1.3,75.0
2022/3/14,26,116,26.0,44,0.3,50.0
2022/3/15,26,50,82.0,72,0.3,2.0
2022/3/16,17,15,69.0,105,1.8,112.0
2022/3/17,67,65,48.0,70,1.6,88.0
2022/3/18,98,59,99.0,41,1.5,46.0
2022/3/19,85,78,71.0,52,0.3,33.0
2022/3/20,35,15,68.0,105,1.8,56.0
